Name,DateOfBirth,SSN,CreditCardNumber,CreditCardExpiry,Email,Phone,Address,AWSAccessKeyId,AWSSecretAccessKey
John Michael Smith,1985-03-15,214-56-7890,4539578763621486,08/27,john.smith85@gmail.com,+1-202-555-0147,1234 Oak Street Apt 5B Arlington VA 22201,AKIAIOSFODNN7EXAMPLE,wJalrXUtnFEMI/K7MDENG/bPxRfiCYEXAMPLEKEY
Maria Garcia Lopez,1990-07-22,323-45-6789,4916338506082832,11/26,maria.garcia90@yahoo.com,+1-310-555-0198,5678 Pine Avenue Suite 200 Los Angeles CA 90001,AKIAI44QH8DHBEXAMPLE,je7MtGbClwBF/2Zp9Utk/h3yCo8nvbEXAMPLEKEY
Robert James Wilson,1978-11-30,456-78-9012,4532015112830366,03/28,rwilson78@outlook.com,+1-312-555-0234,910 Maple Drive Chicago IL 60601,AKIAYRWC5GHBU3EXAMPLE,BMSr4V2Qr9xu7T6B0HlBLAIR5ZEXAMPLEKEYA
Emily Rose Johnson,1992-04-18,567-89-0123,5425233430109903,06/27,emily.j92@hotmail.com,+1-415-555-0345,2345 Cedar Lane San Francisco CA 94102,AKIAZB5BMEZ3NHEXAMPLE,SACE4hMSoU+JOx9YnPqzfkHd0NEXAMPLEKEYA
David Lee Thompson,1988-09-05,678-90-1234,4916012546783409,12/26,dthompson88@gmail.com,+1-212-555-0456,6789 Elm Street New York NY 10001,AKIAXRMCUO2HP7EXAMPLE,xPHVdS08bKMwVkNPaZtAFW7yEXAMPLEKEYAA
Sarah Anne Martinez,1995-01-25,789-01-2345,4539456783625148,09/28,sarah.m95@protonmail.com,+1-305-555-0567,1011 Birch Road Miami FL 33101,AKIAQS6XHRZPN4EXAMPLE,r2jg3lOuS1HPyahVIk/1sqCuTEXAMPLEKEYAA
Michael David Brown,1982-06-12,890-12-3456,4916785432106589,04/27,mbrown82@gmail.com,+1-713-555-0678,1213 Walnut Way Houston TX 77001,AKIAV7DR3QBZU8EXAMPLE,lk3S4hxIBeYCOJQT/Ax4AEXAMPLEKEYAAAAAA
Jennifer Lynn Davis,1987-12-08,901-23-4567,5412753096841275,01/28,jdavis87@yahoo.com,+1-602-555-0789,1415 Spruce Court Phoenix AZ 85001,AKIAX5RN4OYLZ2EXAMPLE,NXVKJ9EXAMPLE/K7MDENG/bPxRfiCYEXAMPLEK
Christopher Paul Anderson,1993-08-14,012-34-5678,4539871265403298,07/27,canderson93@outlook.com,+1-206-555-0890,1617 Ash Boulevard Seattle WA 98101,AKIAQWERTYUIO5EXAMPLE,UhP1VVmDge4ynOTHERWISE/EXAMPLEKEYAAAA
Amanda Kay Taylor,1991-02-28,123-45-6789,4916234567891234,10/26,ataylor91@gmail.com,+1-404-555-0901,1819 Willow Lane Atlanta GA 30301,AKIAMNOPQRSTU6EXAMPLE,yX7P4qRsTuVwXyZaBcDeFgHiEXAMPLEKEYA
William Henry Jackson,1984-05-19,234-56-7891,5425678901234567,05/28,wjackson84@hotmail.com,+1-617-555-1012,2021 Hickory Place Boston MA 02101,AKIAQRSTUVWXY7EXAMPLE,AbCdEfGhIjKlMnOpQrStUvWxYzEXAMPLEKEY
Jessica Marie White,1989-10-03,345-67-8902,4532987654321098,02/27,jwhite89@yahoo.com,+1-303-555-1123,2223 Chestnut Avenue Denver CO 80201,AKIASTUVWXYZ18EXAMPLE,1234567890ABCDEFGHIJKLMnopEXAMPLEKEY
Daniel Scott Harris,1996-07-27,456-78-9013,4916543210987654,08/28,dharris96@gmail.com,+1-214-555-1234,2425 Magnolia Street Dallas TX 75201,AKIAVWXYZ01239EXAMPLE,ZyXwVuTsRqPoNmLkJiHgFeDcBaEXAMPLEKEY
Lauren Elizabeth Clark,1983-03-11,567-89-0124,4539654321098765,11/26,lclark83@protonmail.com,+1-702-555-1345,2627 Poplar Drive Las Vegas NV 89101,AKIAXYZ012345AEXAMPLE,ExAmPlEkEyVaLuE1234567890EXAMPLEKEYAA
Matthew Ryan Lewis,1994-09-06,678-90-1235,5412345678901234,04/27,mlewis94@outlook.com,+1-503-555-1456,2829 Redwood Circle Portland OR 97201,AKIA012345678BEXAMPLE,sEcReTkEy1234567890ABCDEFgHiJkExAmPlE
Stephanie Ann Robinson,1986-01-22,789-01-2346,4916876543210987,06/28,srobinson86@gmail.com,+1-612-555-1567,3031 Cypress Lane Minneapolis MN 55401,AKIA123456789CEXAMPLE,AwSsEcReTaCcEsSkEy1234567890ExAmPlEaB
Kevin Joseph Walker,1990-11-15,890-12-3457,4532456789012345,09/27,kwalker90@yahoo.com,+1-704-555-1678,3233 Dogwood Way Charlotte NC 28201,AKIA234567890DEXAMPLE,MyAwSsEcReTkEy1234567890ABcDeFgHiJkL
Rachel Hope Young,1997-04-30,901-23-4568,4539234567890123,12/26,ryoung97@hotmail.com,+1-314-555-1789,3435 Hawthorn Road St Louis MO 63101,AKIA345678901EEXAMPLE,AnOtHeRsEcReTkEy0987654321ZyXwVuTsRq
Brian Thomas King,1981-08-07,012-34-5679,5425901234567890,03/28,bking81@gmail.com,+1-615-555-1890,3637 Juniper Court Nashville TN 37201,AKIB456789012FEXAMPLE,YeTaNoThErExAmPlEkEy123456EXAMPLEKEYA
Nicole Dawn Wright,1993-12-19,234-56-7892,4916345678901234,07/27,nwright93@protonmail.com,+1-216-555-1901,3839 Linden Street Cleveland OH 44101,AKIC567890123GEXAMPLE,LaStExAmPlEsEcReTkEy9876543210AbCdEf
Thomas Edward Green,1979-02-14,345-67-8903,4539192837465012,01/27,tgreen79@gmail.com,+1-480-555-2012,4041 Sycamore Blvd Scottsdale AZ 85251,AKIAD678901234EXAMPLE,qWeRtYuIoP1234567890AsDfGhJkLzXcVbN
Megan Claire Adams,1988-06-21,456-78-9014,4532918273645012,05/28,madams88@yahoo.com,+1-619-555-2123,4243 Pecan Way San Diego CA 92101,AKIAE789012345EXAMPLE,mNbVcXzLkJhGfDsApOiUyTrEwQeXaMpLeKy
Jason Robert Nelson,1991-10-09,567-89-0125,4916374856291034,10/26,jnelson91@outlook.com,+1-469-555-2234,4445 Magnolia Ave Fort Worth TX 76101,AKIAF890123456EXAMPLE,pLmOkNiJbUhVgYcFtXdRzEsAwQeExAmPlEk
Victoria Lee Carter,1985-04-17,678-90-1236,5412849302716583,02/27,vcarter85@hotmail.com,+1-813-555-2345,4647 Laurel Drive Tampa FL 33601,AKIAG901234567EXAMPLE,zXcVbNmLkJhGfDsApOiUyTrEwQ1234567890
Andrew James Mitchell,1994-08-03,789-01-2347,4539283746510293,08/28,amitchell94@gmail.com,+1-971-555-2456,4849 Ivy Road Beaverton OR 97005,AKIAH012345678EXAMPLE,AsDfGhJkLzXcVbNmQwErTyUiOp1234567890
Christina Rose Perez,1987-01-29,890-12-3458,4916502938471625,11/26,cperez87@protonmail.com,+1-720-555-2567,5051 Fern Street Boulder CO 80301,AKIAI123456789EXAMPLE,QwErTyUiOpAsDfGhJkLzXcVbNm0987654321
Brandon Tyler Evans,1992-05-13,901-23-4569,4532647382910546,04/27,bevans92@yahoo.com,+1-919-555-2678,5253 Acacia Lane Raleigh NC 27601,AKIAJ234567890EXAMPLE,PlMoKnIjBuHvGyCfTxDrZeSaWq1234567890
Samantha Joy Turner,1983-09-26,012-34-5680,4539756849302715,09/28,sturner83@gmail.com,+1-385-555-2789,5455 Palm Court Salt Lake City UT 84101,AKIAK345678901EXAMPLE,MnBvCxZlKjHgFdSaPiOuYtReWq0987654321
Gregory Dean Phillips,1996-03-08,123-45-6790,5425384756291038,06/27,gphillips96@outlook.com,+1-512-555-2890,5657 Olive Way Austin TX 78701,AKIAL456789012EXAMPLE,LkJhGfDsApOiUyTrEwQmNbVcXz1234567890
Heather Lynn Campbell,1980-07-14,234-56-7893,4916829374651028,12/26,hcampbell80@hotmail.com,+1-651-555-2901,5859 Cherry Blvd St Paul MN 55101,AKIAM567890123EXAMPLE,KjHgFdSaPiOuYtReWqMnBvCxZl0987654321
Patrick Sean Parker,1989-11-20,345-67-8904,4532019283746501,03/28,pparker89@gmail.com,+1-804-555-3012,6061 Apricot Drive Richmond VA 23219,AKIAN678901234EXAMPLE,JhGfDsApOiUyTrEwQmNbVcXzLk1234567890
Kimberly Ann Edwards,1995-05-06,456-78-9015,4539403928175064,07/27,kedwards95@yahoo.com,+1-505-555-3123,6263 Plum Street Albuquerque NM 87101,AKIAO789012345EXAMPLE,HgFdSaPiOuYtReWqMnBvCxZlKj0987654321
Ryan Christopher Collins,1984-09-18,567-89-0126,4916203948576012,01/28,rcollins84@protonmail.com,+1-402-555-3234,6465 Fig Avenue Omaha NE 68101,AKIAP890123456EXAMPLE,GfDsApOiUyTrEwQmNbVcXzLkJh1234567890
Michelle Marie Stewart,1990-01-12,678-90-1237,5412738291045637,05/27,mstewart90@gmail.com,+1-225-555-3345,6667 Pear Lane Baton Rouge LA 70801,AKIAQ901234567EXAMPLE,FdSaPiOuYtReWqMnBvCxZlKjHg0987654321
Derek William Sanchez,1986-04-24,789-01-2348,4539102938475601,10/28,dsanchez86@outlook.com,+1-205-555-3456,6869 Lime Road Birmingham AL 35201,AKIAR012345678EXAMPLE,DsApOiUyTrEwQmNbVcXzLkJhGf1234567890
Angela Renee Morris,1993-08-16,890-12-3459,4916583927410362,02/27,amorris93@hotmail.com,+1-501-555-3567,7071 Tangerine Court Little Rock AR 72201,AKIAS123456789EXAMPLE,SaPiOuYtReWqMnBvCxZlKjHgFd0987654321
Timothy Alan Rogers,1981-12-02,901-23-4570,4532829374651029,08/28,trogers81@gmail.com,+1-601-555-3678,7273 Coconut Street Jackson MS 39201,AKIAT234567890EXAMPLE,ApOiUyTrEwQmNbVcXzLkJhGfDs1234567890
Vanessa Leigh Reed,1997-06-28,012-34-5681,4539647382910543,11/26,vreed97@yahoo.com,+1-334-555-3789,7475 Mango Drive Montgomery AL 36101,AKIAU345678901EXAMPLE,PiOuYtReWqMnBvCxZlKjHgFdSa0987654321
Justin Michael Cook,1988-10-10,123-45-6791,5425019283746508,04/27,jcook88@protonmail.com,+1-907-555-3890,7677 Banana Lane Anchorage AK 99501,AKIAV456789012EXAMPLE,OiUyTrEwQmNbVcXzLkJhGfDsAp1234567890
Amber Dawn Morgan,1983-02-15,234-56-7894,4916748392015637,09/28,amorgan83@gmail.com,+1-808-555-3901,7879 Papaya Way Honolulu HI 96801,AKIAW567890123EXAMPLE,UyTrEwQmNbVcXzLkJhGfDsApOi0987654321
Nathan Douglas Bell,1992-07-04,345-67-8905,4532384756291034,06/27,nbell92@outlook.com,+1-515-555-4012,8081 Guava Court Des Moines IA 50301,AKIAX678901234EXAMPLE,TrEwQmNbVcXzLkJhGfDsApOiUy1234567890
Laura Beth Murphy,1986-11-19,456-78-9016,4539920183746521,12/26,lmurphy86@hotmail.com,+1-316-555-4123,8283 Avocado Street Wichita KS 67201,AKIAY789012345EXAMPLE,EwQmNbVcXzLkJhGfDsApOiUyTr0987654321
Eric Wayne Bailey,1994-03-23,567-89-0127,4916283746501928,03/28,ebailey94@gmail.com,+1-502-555-4234,8485 Lychee Lane Louisville KY 40201,AKIAZ890123456EXAMPLE,wQmNbVcXzLkJhGfDsApOiUyTrE1234567890
Diana Louise Rivera,1989-08-07,678-90-1238,5412637482910534,07/27,drivera89@yahoo.com,+1-504-555-4345,8687 Kiwi Road New Orleans LA 70112,AKIA1A01234567EXAMPLE,QmNbVcXzLkJhGfDsApOiUyTrEw0987654321
Marcus Allen Cooper,1985-12-30,789-01-2349,4539182736450192,01/28,mcooper85@protonmail.com,+1-207-555-4456,8889 Pomegranate Blvd Portland ME 04101,AKIA2B12345678EXAMPLE,mNbVcXzLkJhGfDsApOiUyTrEwQ1234567890
Tiffany Rae Richardson,1991-04-14,890-12-3460,4916473829105637,05/27,trichardson91@gmail.com,+1-410-555-4567,9091 Starfruit Ave Baltimore MD 21201,AKIA3C23456789EXAMPLE,NbVcXzLkJhGfDsApOiUyTrEwQm0987654321
Carlos Miguel Cox,1987-09-22,901-23-4571,4532748392016538,10/28,ccox87@outlook.com,+1-313-555-4678,9293 Dragonfruit Ct Detroit MI 48201,AKIA4D34567890EXAMPLE,BvCxZlKjHgFdSaPiOuYtReWqMn1234567890
Sandra Lee Howard,1993-01-06,012-34-5682,4539637482019534,02/27,showard93@hotmail.com,+1-601-555-4789,9495 Passionfruit Dr Biloxi MS 39530,AKIA5E45678901EXAMPLE,VcXzLkJhGfDsApOiUyTrEwQmNb0987654321
Douglas Ray Ward,1980-05-18,123-45-6792,5425839201746538,08/28,dward80@gmail.com,+1-816-555-4890,9697 Kumquat Lane Kansas City MO 64101,AKIA6F56789012EXAMPLE,CxZlKjHgFdSaPiOuYtReWqMnBv1234567890
Cynthia Mae Torres,1996-10-01,234-56-7895,4916192837465014,11/26,ctorres96@yahoo.com,+1-406-555-4901,9899 Quince Way Billings MT 59101,AKIA7G67890123EXAMPLE,XzLkJhGfDsApOiUyTrEwQmNbVc0987654321
Joseph Frank Peterson,1982-02-27,345-67-8906,4532039281746503,04/27,jpeterson82@protonmail.com,+1-402-555-5012,1001 Mulberry Blvd Lincoln NE 68501,AKIA8H78901234EXAMPLE,ZlKjHgFdSaPiOuYtReWqMnBvCx1234567890
Melissa Grace Gray,1988-06-13,456-78-9017,4539847362910524,09/28,mgray88@gmail.com,+1-603-555-5123,1003 Elderberry St Manchester NH 03101,AKIA9I89012345EXAMPLE,LkJhGfDsApOiUyTrEwQmNbVcXz0987654321
Adam Charles Ramirez,1995-11-25,567-89-0128,4916374829105634,06/27,aramirez95@outlook.com,+1-505-555-5234,1005 Boysenberry Dr Santa Fe NM 87501,AKIAJA90123456EXAMPLE,KjHgFdSaPiOuYtReWqMnBvCxZl1234567890
Danielle Eve James,1984-03-09,678-90-1239,5412920183746521,12/26,djames84@hotmail.com,+1-518-555-5345,1007 Cranberry Ct Albany NY 12201,AKIAKB01234567EXAMPLE,JhGfDsApOiUyTrEwQmNbVcXzLk0987654321
Todd Raymond Watson,1990-07-21,789-01-2350,4539283746019253,03/28,twatson90@gmail.com,+1-701-555-5456,1009 Gooseberry Ave Fargo ND 58101,AKIALC12345678EXAMPLE,HgFdSaPiOuYtReWqMnBvCxZlKj1234567890
Katherine May Brooks,1986-12-04,890-12-3461,4916503928174632,07/27,kbrooks86@yahoo.com,+1-614-555-5567,1011 Blackberry Ln Columbus OH 43201,AKIAMD23456789EXAMPLE,GfDsApOiUyTrEwQmNbVcXzLkJh0987654321
Sean Patrick Kelly,1993-04-16,901-23-4572,4532819273641052,01/28,skelly93@protonmail.com,+1-918-555-5678,1013 Raspberry Rd Tulsa OK 74101,AKIANE34567890EXAMPLE,FdSaPiOuYtReWqMnBvCxZlKjHg1234567890
Catherine Joy Sanders,1981-08-28,012-34-5683,4539748291035624,05/27,csanders81@gmail.com,+1-971-555-5789,1015 Blueberry Way Eugene OR 97401,AKIAOF45678901EXAMPLE,DsApOiUyTrEwQmNbVcXzLkJhGf0987654321
Jake Harrison Price,1997-01-10,123-45-6793,5425102938475601,10/28,jprice97@outlook.com,+1-717-555-5890,1017 Strawberry Ct Harrisburg PA 17101,AKIAPG56789012EXAMPLE,SaPiOuYtReWqMnBvCxZlKjHgFd1234567890
Monica Faith Bennett,1989-05-22,234-56-7896,4916384756291037,02/27,mbennett89@hotmail.com,+1-401-555-5901,1019 Blackcurrant Ave Providence RI 02901,AKIAQH67890123EXAMPLE,ApOiUyTrEwQmNbVcXzLkJhGfDs0987654321
Russell Dean Wood,1985-09-14,345-67-8907,4532920183746512,08/28,rwood85@gmail.com,+1-605-555-6012,1021 Huckleberry Blvd Sioux Falls SD 57101,AKIARI78901234EXAMPLE,PiOuYtReWqMnBvCxZlKjHgFdSa1234567890
Kristen Hope Barnes,1992-01-30,456-78-9018,4539102938475623,11/26,kbarnes92@yahoo.com,+1-615-555-6123,1023 Persimmon St Memphis TN 38101,AKIASJ89012345EXAMPLE,OiUyTrEwQmNbVcXzLkJhGfDsAp0987654321
Philip Owen Ross,1987-06-08,567-89-0129,4916748392105634,04/27,pross87@protonmail.com,+1-512-555-6234,1025 Nectarine Dr San Antonio TX 78201,AKIATK90123456EXAMPLE,UyTrEwQmNbVcXzLkJhGfDsApOi1234567890
Allison Paige Henderson,1994-10-20,678-90-1240,5412637482910512,09/28,ahenderson94@gmail.com,+1-801-555-6345,1027 Apricot Ln Provo UT 84601,AKIAUL01234567EXAMPLE,TrEwQmNbVcXzLkJhGfDsApOiUy0987654321
Vincent Lee Coleman,1983-02-05,789-01-2351,4539293847561024,06/27,vcoleman83@outlook.com,+1-802-555-6456,1029 Date Palm Ct Burlington VT 05401,AKIAVM12345678EXAMPLE,EwQmNbVcXzLkJhGfDsApOiUyTr1234567890
Jacqueline Faye Jenkins,1991-07-17,890-12-3462,4916503829174635,12/26,jjenkins91@hotmail.com,+1-804-555-6567,1031 Cantaloupe Way Norfolk VA 23501,AKIAWN23456789EXAMPLE,wQmNbVcXzLkJhGfDsApOiUyTrE0987654321
Derek Austin Perry,1988-11-29,901-23-4573,4532748291036514,03/28,dperry88@gmail.com,+1-206-555-6678,1033 Watermelon Blvd Tacoma WA 98401,AKIAXO34567890EXAMPLE,QmNbVcXzLkJhGfDsApOiUyTrEw1234567890
Natalie Brooke Powell,1996-04-03,012-34-5684,4539102837465019,07/27,npowell96@yahoo.com,+1-304-555-6789,1035 Honeydew Ave Charleston WV 25301,AKIAYP45678901EXAMPLE,mNbVcXzLkJhGfDsApOiUyTrEwQ0987654321
Curtis Raymond Long,1982-08-15,123-45-6794,5425839201746503,01/28,clong82@protonmail.com,+1-608-555-6890,1037 Grapefruit Dr Madison WI 53701,AKIAZQ56789012EXAMPLE,NbVcXzLkJhGfDsApOiUyTrEwQm1234567890
Holly Beth Patterson,1990-12-27,234-56-7897,4916384729105637,05/27,hpatterson90@gmail.com,+1-307-555-6901,1039 Plantain Ln Cheyenne WY 82001,AKIA1R67890123EXAMPLE,BvCxZlKjHgFdSaPiOuYtReWqMn0987654321
Gary Michael Hughes,1986-04-11,345-67-8908,4532920183746501,10/28,ghughes86@outlook.com,+1-202-555-7012,1041 Tamarind Rd Washington DC 20001,AKIA2S78901234EXAMPLE,VcXzLkJhGfDsApOiUyTrEwQmNb1234567890
Leslie Ann Flores,1993-09-23,456-78-9019,4539847362019524,02/27,lflores93@hotmail.com,+1-671-555-7123,1043 Breadfruit St Hagatna GU 96910,AKIA3T89012345EXAMPLE,CxZlKjHgFdSaPiOuYtReWqMnBv0987654321
Carl Eugene Washington,1979-01-07,567-89-0130,4916102938475612,08/28,cwashington79@gmail.com,+1-787-555-7234,1045 Soursop Ave San Juan PR 00901,AKIA4U90123456EXAMPLE,XzLkJhGfDsApOiUyTrEwQmNbVc1234567890
Rebecca Sue Butler,1995-05-19,678-90-1241,5412839201746532,11/26,rbutler95@yahoo.com,+1-340-555-7345,1047 Jackfruit Blvd Charlotte Amalie VI 00801,AKIA5V01234567EXAMPLE,ZlKjHgFdSaPiOuYtReWqMnBvCx0987654321
Frank Howard Simmons,1984-10-01,789-01-2352,4539293847561013,04/27,fsimmons84@protonmail.com,+1-202-555-7456,1049 Rambutan Ct Arlington VA 22201,AKIA6W12345678EXAMPLE,LkJhGfDsApOiUyTrEwQmNbVcXz1234567890
Sharon Kay Foster,1991-02-13,890-12-3463,4916503829174601,09/28,sfoster91@gmail.com,+1-213-555-7567,1051 Durian Way Los Angeles CA 90012,AKIA7X23456789EXAMPLE,KjHgFdSaPiOuYtReWqMnBvCxZl0987654321
Peter James Gonzales,1987-06-25,901-23-4574,4532748291036503,06/27,pgonzales87@outlook.com,+1-312-555-7678,1053 Longan Dr Chicago IL 60612,AKIA8Y34567890EXAMPLE,JhGfDsApOiUyTrEwQmNbVcXzLk1234567890
Brenda Faye Bryant,1994-11-07,012-34-5685,4539102837465024,12/26,bbryant94@hotmail.com,+1-415-555-7789,1055 Sapodilla St San Francisco CA 94112,AKIA9Z45678901EXAMPLE,HgFdSaPiOuYtReWqMnBvCxZlKj0987654321
Gerald Anthony Alexander,1981-03-19,123-45-6795,5425102938475618,03/28,galexander81@gmail.com,+1-212-555-7890,1057 Cherimoya Ave New York NY 10012,AKIABA56789012EXAMPLE,GfDsApOiUyTrEwQmNbVcXzLkJh1234567890
Denise Kay Russell,1989-07-31,234-56-7898,4916384756291012,07/27,drussell89@yahoo.com,+1-305-555-7901,1059 Mamey Blvd Miami FL 33112,AKIABB67890123EXAMPLE,FdSaPiOuYtReWqMnBvCxZlKjHg0987654321
Wayne Robert Griffin,1985-12-13,345-67-8909,4532920183746524,01/28,wgriffin85@protonmail.com,+1-713-555-8012,1061 Ackee Ln Houston TX 77012,AKIABC78901234EXAMPLE,DsApOiUyTrEwQmNbVcXzLkJhGf1234567890
Theresa Grace Diaz,1992-04-25,456-78-9020,4539847362019501,05/27,tdiaz92@gmail.com,+1-602-555-8123,1063 Loquat Rd Phoenix AZ 85012,AKIABD89012345EXAMPLE,SaPiOuYtReWqMnBvCxZlKjHgFd0987654321
Randy Lee Hayes,1988-09-08,567-89-0131,4916102938475601,10/28,rhayes88@outlook.com,+1-206-555-8234,1065 Pitaya Dr Seattle WA 98112,AKIABE90123456EXAMPLE,ApOiUyTrEwQmNbVcXzLkJhGfDs1234567890
Crystal Dawn Myers,1995-01-20,678-90-1242,5412839201746519,02/27,cmyers95@hotmail.com,+1-404-555-8345,1067 Tamarillo Way Atlanta GA 30312,AKIABF01234567EXAMPLE,PiOuYtReWqMnBvCxZlKjHgFdSa0987654321
